Model,Precision@10,Recall@10,mAP
Linear Regression,0.4,0.004993757802746567,0.0017790262172284641
MLP,0.2,0.0024968789013732834,0.0004334859203773061
Transformer,0.4,0.004993757802746567,0.004993757802746567
Ensemble,0.7,0.008739076154806492,0.008075223431028674
